{
  "Changes": [
    {
      "Action": "EditData",
      "Target": "Data/Objects",
      "Entries": {
        "{{ModId}}_Ancient_Fruit_Cake": {
          "Name": "{{ModId}}_Ancient_Fruit_Cake",
          "DisplayName": "Ancient Fruit Cake",
          "Description": "A completely blue cake with delicious icing on top of it.",
          "Type": "Cooking",
          "Category": -7,
          "Price": 3800,
          "Texture": "Mods/TN.Cakes/AncientFruitCake",
          "SpriteIndex": 0,
          "Edibility": 220,
          "IsDrink": false
        },
        "{{ModId}}_Apple_Cake": {
          "Name": "{{ModId}}_Apple_Cake",
          "DisplayName": "Apple Cake",
          "Description": "A sweet cake with an apple flavour.",
          "Type": "Cooking",
          "Category": -7,
          "Price": 120,
          "Texture": "Mods/TN.Cakes/AppleCake",
          "SpriteIndex": 0,
          "Edibility": 90,
          "IsDrink": false
        },
        "{{ModId}}_Apple_Crumb_Cake": {
          "Name": "{{ModId}}_Apple_Crumb_Cake",
          "DisplayName": "Apple Crumb Cake",
          "Description": "A very crumbly cake with a delicious apple flavour.",
          "Type": "Cooking",
          "Category": -7,
          "Price": 590,
          "Texture": "Mods/TN.Cakes/AppleCrumbCake",
          "SpriteIndex": 0,
          "Edibility": 100,
          "IsDrink": false
        },
        "{{ModId}}_Apricot_Cake": {
          "Name": "{{ModId}}_Apricot_Cake",
          "DisplayName": "Apricot Cake",
          "Description": "A fruity cake with an apricot flavour.",
          "Type": "Cooking",
          "Category": -7,
          "Price": 460,
          "Texture": "Mods/TN.Cakes/ApricotCake",
          "SpriteIndex": 0,
          "Edibility": 120,
          "IsDrink": false
        },
        "{{ModId}}_Banana_Cake": {
          "Name": "{{ModId}}_Banana_Cake",
          "DisplayName": "Banana Cake",
          "Description": "A sweet and moist cake!",
          "Type": "Cooking",
          "Category": -7,
          "Price": 590,
          "Texture": "Mods/TN.Cakes/BananaCake",
          "SpriteIndex": 0,
          "Edibility": 100,
          "IsDrink": false
        },
        "{{ModId}}_Blackberry_Cake": {
          "Name": "{{ModId}}_Blackberry_Cake",
          "DisplayName": "Blackberry Cake",
          "Description": "A cake with delicious icing and blackberries on top.",
          "Type": "Cooking",
          "Category": -7,
          "Price": 480,
          "Texture": "Mods/TN.Cakes/BlackberryCake",
          "SpriteIndex": 0,
          "Edibility": 110,
          "IsDrink": false
        },
        "{{ModId}}_Blueberry_Cake": {
          "Name": "{{ModId}}_Blueberry_Cake",
          "DisplayName": "Blueberry Cake",
          "Description": "A blueberry filled cake.",
          "Type": "Cooking",
          "Category": -7,
          "Price": 470,
          "Texture": "Mods/TN.Cakes/BlueberryCake",
          "SpriteIndex": 0,
          "Edibility": 120,
          "IsDrink": false
        },
        "{{ModId}}_Butter_Cake": {
          "Name": "{{ModId}}_Butter_Cake",
          "DisplayName": "Butter Cake",
          "Description": "A sweet and buttery cake.",
          "Type": "Cooking",
          "Category": -7,
          "Price": 190,
          "Texture": "Mods/TN.Cakes/ButterCake",
          "SpriteIndex": 0,
          "Edibility": 140,
          "IsDrink": false
        },
        "{{ModId}}_Cactus_Fruit_Cake": {
          "Name": "{{ModId}}_Cactus_Fruit_Cake",
          "DisplayName": "Cactus Fruit Cake",
          "Description": "Quite an unusual cake with a very unique flavour.",
          "Type": "Cooking",
          "Category": -7,
          "Price": 500,
          "Texture": "Mods/TN.Cakes/CactusFruitCake",
          "SpriteIndex": 0,
          "Edibility": 140,
          "IsDrink": false
        },
        "{{ModId}}_Carrot_Cake": {
          "Name": "{{ModId}}_Carrot_Cake",
          "DisplayName": "Carrot Cake",
          "Description": "A sweet cake with carrots made from icing on top.",
          "Type": "Cooking",
          "Category": -7,
          "Price": 500,
          "Texture": "Mods/TN.Cakes/CarrotCake",
          "SpriteIndex": 0,
          "Edibility": 100,
          "IsDrink": false
        },
        "{{ModId}}_Cherry_Cake": {
          "Name": "{{ModId}}_Cherry_Cake",
          "DisplayName": "Cherry Cake",
          "Description": "A creamy cake with a cherry on top!",
          "Type": "Cooking",
          "Category": -7,
          "Price": 500,
          "Texture": "Mods/TN.Cakes/CherryCake",
          "SpriteIndex": 0,
          "Edibility": 120,
          "IsDrink": false
        },
        "{{ModId}}_Chocolate_Cake": {
          "Name": "{{ModId}}_Chocolate_Cake",
          "DisplayName": "Chocolate Cake",
          "Description": "A sweet cake with a chocolate flavour.",
          "Type": "Cooking",
          "Category": -7,
          "Price": 1000,
          "Texture": "Mods/TN.Cakes/ChocolateCake",
          "SpriteIndex": 0,
          "Edibility": 190,
          "IsDrink": false
        },
        "{{ModId}}_Coconut_Cake": {
          "Name": "{{ModId}}_Coconut_Cake",
          "DisplayName": "Coconut Cake",
          "Description": "A delicious cake with some grated coconut on top.",
          "Type": "Cooking",
          "Category": -7,
          "Price": 550,
          "Texture": "Mods/TN.Cakes/CoconutCake",
          "SpriteIndex": 0,
          "Edibility": 190,
          "IsDrink": false
        },
        "{{ModId}}_Cranberry_Cake": {
          "Name": "{{ModId}}_Cranberry_Cake",
          "DisplayName": "Cranberry Cake",
          "Description": "A sweet cake covered in icing with a cranberry flavour.",
          "Type": "Cooking",
          "Category": -7,
          "Price": 550,
          "Texture": "Mods/TN.Cakes/CranberryCake",
          "SpriteIndex": 0,
          "Edibility": 190,
          "IsDrink": false
        },
        "{{ModId}}_Crystal_Fruit_Cake": {
          "Name": "{{ModId}}_Crystal_Fruit_Cake",
          "DisplayName": "Crystal Fruit Cake",
          "Description": "A fruity cake with a crystal fruit flavour.",
          "Type": "Cooking",
          "Category": -7,
          "Price": 600,
          "Texture": "Mods/TN.Cakes/CrystalFruitCake",
          "SpriteIndex": 0,
          "Edibility": 190,
          "IsDrink": false
        },
        "{{ModId}}_Gem_Berry_Cake": {
          "Name": "{{ModId}}_Gem_Berry_Cake",
          "DisplayName": "Gem Berry Cake",
          "Description": "A fruity cake made by the sweetest friut ever, it should be illegal.",
          "Type": "Cooking",
          "Category": -7,
          "Price": 5500,
          "Texture": "Mods/TN.Cakes/GemBerryCake",
          "SpriteIndex": 0,
          "Edibility": 500,
          "IsDrink": false
        },
        "{{ModId}}_Genoise_Cake": {
          "Name": "{{ModId}}_Genoise_Cake",
          "DisplayName": "Genoise Cake",
          "Description": "A classic sponge cake, with some fruit and cream on top.",
          "Type": "Cooking",
          "Category": -7,
          "Price": 1800,
          "Texture": "Mods/TN.Cakes/GenoiseCake",
          "SpriteIndex": 0,
          "Edibility": 200,
          "IsDrink": false
        },
        "{{ModId}}_Grape_Cake": {
          "Name": "{{ModId}}_Grape_Cake",
          "DisplayName": "Grape Cake",
          "Description": "A sweet cake with some grapes on top.",
          "Type": "Cooking",
          "Category": -7,
          "Price": 500,
          "Texture": "Mods/TN.Cakes/GrapeCake",
          "SpriteIndex": 0,
          "Edibility": 100,
          "IsDrink": false
        },
        "{{ModId}}_Key_Lime_Cake": {
          "Name": "{{ModId}}_Key_Lime_Cake",
          "DisplayName": "Key Lime Cake",
          "Description": "A sweet cake with sour lime icing on top.",
          "Type": "Cooking",
          "Category": -7,
          "Price": 500,
          "Texture": "Mods/TN.Cakes/KeyLimeCake",
          "SpriteIndex": 0,
          "Edibility": 100,
          "IsDrink": false
        },
        "{{ModId}}_Lemon_Cake": {
          "Name": "{{ModId}}_Lemon_Cake",
          "DisplayName": "Lemon Cake",
          "Description": "A sweet cake with sour lemon icing on top.",
          "Type": "Cooking",
          "Category": -7,
          "Price": 500,
          "Texture": "Mods/TN.Cakes/LemonCake",
          "SpriteIndex": 0,
          "Edibility": 100,
          "IsDrink": false
        },
        "{{ModId}}_Mango_Cake": {
          "Name": "{{ModId}}_Mango_Cake",
          "DisplayName": "Mango Cake",
          "Description": "A sweet cake with a delicious mango flavour.",
          "Type": "Cooking",
          "Category": -7,
          "Price": 600,
          "Texture": "Mods/TN.Cakes/MangoCake",
          "SpriteIndex": 0,
          "Edibility": 100,
          "IsDrink": false
        },
        "{{ModId}}_Melon_Cake": {
          "Name": "{{ModId}}_Melon_Cake",
          "DisplayName": "Melon Cake",
          "Description": "A sweet vibrant cake with some melon on top.",
          "Type": "Cooking",
          "Category": -7,
          "Price": 700,
          "Texture": "Mods/TN.Cakes/MelonCake",
          "SpriteIndex": 0,
          "Edibility": 100,
          "IsDrink": false
        },
        "{{ModId}}_Orange_Cake": {
          "Name": "{{ModId}}_Orange_Cake",
          "DisplayName": "Orange Cake",
          "Description": "A fruity cake with an orange flavour.",
          "Type": "Cooking",
          "Category": -7,
          "Price": 550,
          "Texture": "Mods/TN.Cakes/OrangeCake",
          "SpriteIndex": 0,
          "Edibility": 200,
          "IsDrink": false
        },
        "{{ModId}}_Peach_Cake": {
          "Name": "{{ModId}}_Peach_Cake",
          "DisplayName": "Peach Cake",
          "Description": "A fruity cake with a peach flavour.",
          "Type": "Cooking",
          "Category": -7,
          "Price": 600,
          "Texture": "Mods/TN.Cakes/PeachCake",
          "SpriteIndex": 0,
          "Edibility": 200,
          "IsDrink": false
        },
        "{{ModId}}_Pineapple_Cake": {
          "Name": "{{ModId}}_Pineapple_Cake",
          "DisplayName": "Pineapple Cake",
          "Description": "A fruity cake with a pineapple flavour.",
          "Type": "Cooking",
          "Category": -7,
          "Price": 800,
          "Texture": "Mods/TN.Cakes/PineappleCake",
          "SpriteIndex": 0,
          "Edibility": 200,
          "IsDrink": false
        },
        "{{ModId}}_Pomegranate_Cake": {
          "Name": "{{ModId}}_Pomegranate_Cake",
          "DisplayName": "Pomegranate Cake",
          "Description": "A fruity cake with some cream and pomegranate on top.",
          "Type": "Cooking",
          "Category": -7,
          "Price": 800,
          "Texture": "Mods/TN.Cakes/PomegranateCake",
          "SpriteIndex": 0,
          "Edibility": 200,
          "IsDrink": false
        },
        "{{ModId}}_Powdermelon_Cake": {
          "Name": "{{ModId}}_Powdermelon_Cake",
          "DisplayName": "Powdermelon Cake",
          "Description": "A frosty cake with some ice ice melon on top.",
          "Type": "Cooking",
          "Category": -7,
          "Price": 200,
          "Texture": "Mods/TN.Cakes/PowdermelonCake",
          "SpriteIndex": 0,
          "Edibility": 60,
          "IsDrink": false
        },
        "{{ModId}}_Red_Velvet_Cake": {
          "Name": "{{ModId}}_Red_Velvet_Cake",
          "DisplayName": "Red Velvet Cake",
          "Description": "A red-brown cake with a delicious chocolate flavour.",
          "Type": "Cooking",
          "Category": -7,
          "Price": 1200,
          "Texture": "Mods/TN.Cakes/RedVelvetCake",
          "SpriteIndex": 0,
          "Edibility": 190,
          "IsDrink": false
        },
        "{{ModId}}_Sakura_Cake": {
          "Name": "{{ModId}}_Sakura_Cake",
          "DisplayName": "Sakura Cake",
          "Description": "A blooming cake with cherry blossoms on top.",
          "Type": "Cooking",
          "Category": -7,
          "Price": 1200,
          "Texture": "Mods/TN.Cakes/SakuraCake",
          "SpriteIndex": 0,
          "Edibility": 190,
          "IsDrink": false
        },
        "{{ModId}}_Salmonberry_Cake": {
          "Name": "{{ModId}}_Salmonberry_Cake",
          "DisplayName": "Salmonberry Cake",
          "Description": "A fruity cake with a salmonberry flavour.",
          "Type": "Cooking",
          "Category": -7,
          "Price": 450,
          "Texture": "Mods/TN.Cakes/SalmonberryCake",
          "SpriteIndex": 0,
          "Edibility": 100,
          "IsDrink": false
        },
        "{{ModId}}_Spice_Berry_Cake": {
          "Name": "{{ModId}}_Spice_Berry_Cake",
          "DisplayName": "Spice Berry Cake",
          "Description": "A fruity cake with a slightly pungent flavour.",
          "Type": "Cooking",
          "Category": -7,
          "Price": 500,
          "Texture": "Mods/TN.Cakes/SpiceBerryCake",
          "SpriteIndex": 0,
          "Edibility": 100,
          "IsDrink": false
        },
        "{{ModId}}_Starfruit_Cake": {
          "Name": "{{ModId}}_Starfruit_Cake",
          "DisplayName": "Starfruit Cake",
          "Description": "A fruity cake in the shape of a star.",
          "Type": "Cooking",
          "Category": -7,
          "Price": 1300,
          "Texture": "Mods/TN.Cakes/StarfruitCake",
          "SpriteIndex": 0,
          "Edibility": 190,
          "IsDrink": false
        },
        "{{ModId}}_Strawberry_Cake": {
          "Name": "{{ModId}}_Strawberry_Cake",
          "DisplayName": "Strawberry Cake",
          "Description": "A fruity cake with a strawberry flavour.",
          "Type": "Cooking",
          "Category": -7,
          "Price": 550,
          "Texture": "Mods/TN.Cakes/StrawberryCake",
          "SpriteIndex": 0,
          "Edibility": 130,
          "IsDrink": false
        },
        "{{ModId}}_Vanilla_Cake": {
          "Name": "{{ModId}}_Vanilla_Cake",
          "DisplayName": "Vanilla Cake",
          "Description": "A nice cake with a gental vanilla flavour.",
          "Type": "Cooking",
          "Category": -7,
          "Price": 700,
          "Texture": "Mods/TN.Cakes/VanillaCake",
          "SpriteIndex": 0,
          "Edibility": 160,
          "IsDrink": false
        },
        "{{ModId}}_Wild_Plum_Cake": {
          "Name": "{{ModId}}_Wild_Plum_Cake",
          "DisplayName": "Wild Plum Cake",
          "Description": "A fruity cake with a plum flavour.",
          "Type": "Cooking",
          "Category": -7,
          "Price": 500,
          "Texture": "Mods/TN.Cakes/WildPlumCake",
          "SpriteIndex": 0,
          "Edibility": 100,
          "IsDrink": false
        },
      }
    }
  ]
}