{
  "Changes": [
    {
      "Action": "EditData",
      "Target": "Data/NPCGiftTastes",
      "LogName": "GiftTastes",
      "TextOperations": [
        {
          "Operation": "Append",
          "Target": ["Fields", "Abigail", 1],
          "Value": "{{ModId}}_Carrot_Cake {{ModId}}_Banae_Cake {{ModId}}_Spice_Berry_Cake {{ModId}}_Red_Velvet_Cake {{ModId}}_Genoise_Cake {{ModId}}_Powdermelon_Cake {{ModId}}_Choco_Cake",
          "Delimiter": " "
        },
        {
          "Operation": "Append",
          "Target": ["Fields", "Aguar", 1],
          "Value": "{{ModId}}_Ancient_Fruit_Cake {{ModId}}_Powdermelon_Cake {{ModId}}_Gem_Berry_Cake",
          "Delimiter": " "
        },
        {
          "Operation": "Append",
          "Target": ["Fields", "Aideen", 1],
          "Value": "{{ModId}}_Blackberry_Cake {{ModId}}_Crystal_Fruit_Cake {{ModId}}_Bluberry_Cake {{ModId}}_Sakura_Cake",
          "Delimiter": " "
        },
        {
          "Operation": "Append",
          "Target": ["Fields", "AlFS", 1],
          "Value": "{{ModId}}_Spice_Berry_Cake {{ModId}}_Apple_Crumb_Cake {{ModId}}_Cranberry_Cake {{ModId}}_Lemon_Cake {{ModId}}_Salmonberry_Cake",
          "Delimiter": " "
        },
        {
          "Operation": "Append",
          "Target": ["Fields", "Alex", 1],
          "Value": "{{ModId}}_Butter_Cake {{ModId}}_Cherry_Cake {{ModId}}_Banae_Cake {{ModId}}_Spice_Berry_Cake",
          "Delimiter": " "
        },
        {
          "Operation": "Append",
          "Target": ["Fields", "Alissa", 1],
          "Value": "{{ModId}}_Choco_Cake {{ModId}}_Butter_Cake {{ModId}}_Lemon_Cake {{ModId}}_Key_Lime_Cake {{ModId}}_Grape_Cake",
          "Delimiter": " "
        },
        {
          "Operation": "Append",
          "Target": ["Fields", "Andy", 1],
          "Value": "{{ModId}}_Butter_Cake {{ModId}}_Strawberry_Cake {{ModId}}_Salmonberry_Cake {{ModId}}_Spice_Berry_Cake",
          "Delimiter": " "
        },
        {
          "Operation": "Append",
          "Target": ["Fields", "Blair", 1],
          "Value": "{{ModId}}_Ancient_Fruit_Cake {{ModId}}_Orange_Cake {{ModId}}_Gem_Berry_Cake {{ModId}}_Apple_Cake {{ModId}}_Key_Lime_Cake",
          "Delimiter": " "
        },
        {
          "Operation": "Append",
          "Target": ["Fields", "Caroline", 1],
          "Value": "{{ModId}}_Butter_Cake {{ModId}}_Matcha_Cake",
          "Delimiter": " "
        },
        {
          "Operation": "Append",
          "Target": ["Fields", "ClayFS", 1],
          "Value": "{{ModId}}_Wild_Plum_Cake {{ModId}}_Coffee_Cake {{ModId}}_Banae_Cake {{ModId}}_Gem_Berry_Cake",
          "Delimiter": " "
        },
        {
          "Operation": "Append",
          "Target": ["Fields", "Emily", 1],
          "Value": "{{ModId}}_Genoise_Cake {{ModId}}_Matcha_Cake {{ModId}}_Lemon_Cake {{ModId}}_Key_Lime_Cake",
          "Delimiter": " "
        },
        {
          "Operation": "Append",
          "Target": ["Fields", "FionaFS", 1],
          "Value": "{{ModId}}_Ancient_Fruit_Cake {{ModId}}_Matcha_Cake",
          "Delimiter": " "
        },
        {
          "Operation": "Append",
          "Target": ["Fields", "Flor", 1],
          "Value": "{{ModId}}_Strawberry_Cake {{ModId}}_Cherry_Cake {{ModId}}_Red_Velvet_Cake {{ModId}}_Orange_Cake {{ModId}}_Key_Lime_Cake",
          "Delimiter": " "
        },
        {
          "Operation": "Append",
          "Target": ["Fields", "Gus", 1],
          "Value": "{{ModId}}_Butter_Cake {{ModId}}_Orange_Cake {{ModId}}_Spice_Berry_Cake",
          "Delimiter": " "
        },
        {
          "Operation": "Append",
          "Target": ["Fields", "Haley", 1],
          "Value": "{{ModId}}_Vanilla_Cake {{ModId}}_Coconut_Cake {{ModId}}_Melon_Cake {{ModId}}_Sakura_Cake",
          "Delimiter": " "
        },
        {
          "Operation": "Append",
          "Target": ["Fields", "Ian", 1],
          "Value": "{{ModId}}_Cherry_Cake {{ModId}}_Strawberry_Cake {{ModId}}_Mango_Cake {{ModId}}_Spice_Berry_Cake",
          "Delimiter": " "
        },
        {
          "Operation": "Append",
          "Target": ["Fields", "IslaFS", 1],
          "Value": "{{ModId}}_Blackberry_Cake {{ModId}}_Cherry_Cake {{ModId}}_Bluberry_Cake {{ModId}}_Salmonberry_Cake",
          "Delimiter": " "
        },
        {
          "Operation": "Append",
          "Target": ["Fields", "Jas", 1],
          "Value": "{{ModId}}_Cherry_Cake {{ModId}}_Melon_Cake {{ModId}}_Wild_Plum_Cake {{ModId}}_Vanilla_Cake",
          "Delimiter": " "
        },
        {
          "Operation": "Append",
          "Target": ["Fields", "Jeric", 1],
          "Value": "{{ModId}}_Mango_Cake {{ModId}}_Cranberry_Cake {{ModId}}_Butter_Cake {{ModId}}_Choco_Cake {{ModId}}_Cherry_Cake {{ModId}}_Pomegranate_Cake",
          "Delimiter": " "
        },
        {
          "Operation": "Append",
          "Target": ["Fields", "Kenneth", 1],
          "Value": "{{ModId}}_Blackberry_Cake {{ModId}}_Choco_Cake {{ModId}}_Strawberry_Cake {{ModId}}_Apple_Crumb_Cake {{ModId}}_Bluberry_Cake",
          "Delimiter": " "
        },
        {
          "Operation": "Append",
          "Target": ["Fields", "Kiwi", 1],
          "Value": "{{ModId}}_Starfruit_Cake {{ModId}}_Wild_Plum_Cake",
          "Delimiter": " "
        },
        {
          "Operation": "Append",
          "Target": ["Fields", "Lenny", 1],
          "Value": "{{ModId}}_Starfruit_Cake {{ModId}}_Red_Velvet_Cake {{ModId}}_Cranberry_Cake {{ModId}}_Butter_Cake {{ModId}}_Apricot_Cake {{ModId}}_Apple_Cake",
          "Delimiter": " "
        },
        {
          "Operation": "Append",
          "Target": ["Fields", "Lewis", 1],
          "Value": "{{ModId}}_Butter_Cake {{ModId}}_Cherry_Cake {{ModId}}_Lemon_Cake {{ModId}}_Key_Lime_Cake",
          "Delimiter": " "
        },
        {
          "Operation": "Append",
          "Target": ["Fields", "LexiFS", 1],
          "Value": "{{ModId}}_Blackberry_Cake {{ModId}}_Strawberry_Cake {{ModId}}_Salmonberry_Cake",
          "Delimiter": " "
        },
        {
          "Operation": "Append",
          "Target": ["Fields", "Linus", 1],
          "Value": "{{ModId}}_Blackberry_Cake {{ModId}}_Salmonberry_Cake {{ModId}}_Spice_Berry_Cake {{ModId}}_Grape_Cake {{ModId}}_Bluberry_Cake",
          "Delimiter": " "
        },
        {
          "Operation": "Append",
          "Target": ["Fields", "Lorenzo", 1],
          "Value": "{{ModId}}_Cherry_Cake {{ModId}}_Spice_Berry_Cake {{ModId}}_Salmonberry_Cake {{ModId}}_Strawberry_Cake",
          "Delimiter": " "
        },
        {
          "Operation": "Append",
          "Target": ["Fields", "Lunna", 1],
          "Value": "{{ModId}}_Apricot_Cake {{ModId}}_Blackberry_Cake {{ModId}}_Orange_Cake {{ModId}}_Gem_Berry_Cake {{ModId}}_Starfruit_Cake {{ModId}}_Strawberry_Cake",
          "Delimiter": " "
        },
        {
          "Operation": "Append",
          "Target": ["Fields", "MakenaFS", 1],
          "Value": "{{ModId}}_Blackberry_Cake {{ModId}}_Cherry_Cake {{ModId}}_Bluberry_Cake {{ModId}}_Salmonberry_Cake",
          "Delimiter": " "
        },
        {
          "Operation": "Append",
          "Target": ["Fields", "Maru", 1],
          "Value": "{{ModId}}_Cranberry_Cake {{ModId}}_Sakura_Cake {{ModId}}_Strawberry_Cake",
          "Delimiter": " "
        },
        {
          "Operation": "Append",
          "Target": ["Fields", "Mei", 1],
          "Value": "{{ModId}}_Peach_Cake {{ModId}}_Cranberry_Cake {{ModId}}_Sakura_Cake {{ModId}}_Strawberry_Cake",
          "Delimiter": " "
        },
        {
          "Operation": "Append",
          "Target": ["Fields", "MorrisTod", 1],
          "Value": "{{ModId}}_Genoise_Cake {{ModId}}_Matcha_Cake {{ModId}}_Red_Velvet_Cake {{ModId}}_Vanilla_Cake",
          "Delimiter": " "
        },
        {
          "Operation": "Append",
          "Target": ["Fields", "Olga", 1],
          "Value": "{{ModId}}_Butter_Cake {{ModId}}_Coffee_Cake {{ModId}}_Matcha_Cake",
          "Delimiter": " "
        },
        {
          "Operation": "Append",
          "Target": ["Fields", "Olivia", 1],
          "Value": "{{ModId}}_Blackberry_Cake {{ModId}}_Cranberry_Cake {{ModId}}_Bluberry_Cake",
          "Delimiter": " "
        },
        {
          "Operation": "Append",
          "Target": ["Fields", "Pam", 1],
          "Value": "{{ModId}}_Butter_Cake {{ModId}}_Coconut_Cake",
          "Delimiter": " "
        },
        {
          "Operation": "Append",
          "Target": ["Fields", "QuinnFS", 1],
          "Value": "{{ModId}}_Blackberry_Cake {{ModId}}_Cranberry_Cake {{ModId}}_Cherry_Cake {{ModId}}_Salmonberry_Cake",
          "Delimiter": " "
        },
        {
          "Operation": "Append",
          "Target": ["Fields", "Richard", 1],
          "Value": "{{ModId}}_Ancient_Fruit_Cake {{ModId}}_Orange_Cake {{ModId}}_Lemon_Cake {{ModId}}_Key_Lime_Cake",
          "Delimiter": " "
        },
        {
          "Operation": "Append",
          "Target": ["Fields", "Robin", 1],
          "Value": "{{ModId}}_Peach_Cake {{ModId}}_Strawberry_Cake {{ModId}}_Sakura_Cake {{ModId}}_Cherry_Cake",
          "Delimiter": " "
        },
        {
          "Operation": "Append",
          "Target": ["Fields", "Rosa", 1],
          "Value": "{{ModId}}_Cherry_Cake {{ModId}}_Cranberry_Cake {{ModId}}_Salmonberry_Cake {{ModId}}_Sakura_Cake {{ModId}}_Strawberry_Cake",
          "Delimiter": " "
        },
        {
          "Operation": "Append",
          "Target": ["Fields", "Sam", 1],
          "Value": "{{ModId}}_Vanilla_Cake {{ModId}}_Cactus_Fruit_Cake {{ModId}}_Genoise_Cake {{ModId}}_Choco_Cake",
          "Delimiter": " "
        },
        {
          "Operation": "Append",
          "Target": ["Fields", "Sandy", 1],
          "Value": "{{ModId}}_Cherry_Cake {{ModId}}_Key_Lime_Cake {{ModId}}_Red_Velvet_Cake {{ModId}}_Vanilla_Cake",
          "Delimiter": " "
        },
        {
          "Operation": "Append",
          "Target": ["Fields", "Sean", 1],
          "Value": "{{ModId}}_Vanilla_Ice_Cream {{ModId}}_Blackberry_Ice_Cream {{ModId}}_Spice_Berry_Cake {{ModId}}_Pineapple_Cake {{ModId}}_Strawberry_Cake",
          "Delimiter": " "
        },
        {
          "Operation": "Append",
          "Target": ["Fields", "Sebastian", 1],
          "Value": "{{ModId}}_Choco_Cake {{ModId}}_Key_Lime_Cake {{ModId}}_Lemon_Cake {{ModId}}_Crystal_Fruit_Cake",
          "Delimiter": " "
        },
        {
          "Operation": "Append",
          "Target": ["Fields", "Shiro", 1],
          "Value": "{{ModId}}_Ancient_Fruit_Cake {{ModId}}_Crystal_Fruit_Cake {{ModId}}_Vanilla_Cake {{ModId}}_Grape_Cake {{ModId}}_Bluberry_Cake {{ModId}}_Blackberry_Cake",
          "Delimiter": " "
        },
        {
          "Operation": "Append",
          "Target": ["Fields", "Sophia", 1],
          "Value": "{{ModId}}_Genoise_Cake {{ModId}}_Sakura_Cake {{ModId}}_Key_Lime_Cake {{ModId}}_Vanilla_Cake",
          "Delimiter": " "
        },
        {
          "Operation": "Append",
          "Target": ["Fields", "TomasFS", 1],
          "Value": "{{ModId}}_Salmonberry_Cake {{ModId}}_Choco_Cake {{ModId}}_Vanilla_Cake {{ModId}}_Sakura_Cake {{ModId}}_Strawberry_Cake",
          "Delimiter": " "
        },
        {
          "Operation": "Append",
          "Target": ["Fields", "ToriLK", 1],
          "Value": "{{ModId}}_Sakura_Cake {{ModId}}_Choco_Cake {{ModId}}_Strawberry_Cake {{ModId}}_Vanilla_Cake",
          "Delimiter": " "
        },
        {
          "Operation": "Append",
          "Target": ["Fields", "Torts", 1],
          "Value": "{{ModId}}_Ancient_Fruit_Cake",
          "Delimiter": " "
        },
        {
          "Operation": "Append",
          "Target": ["Fields", "VashaFS", 1],
          "Value": "{{ModId}}_Blackberry_Cake {{ModId}}_Red_Velvet_Cake {{ModId}}_Bluberry_Cake {{ModId}}_Salmonberry_Cake",
          "Delimiter": " "
        },
        {
          "Operation": "Append",
          "Target": ["Fields", "Vincent", 1],
          "Value": "{{ModId}}_Cherry_Cake {{ModId}}_Cranberry_Cake {{ModId}}_Grape_Cake {{ModId}}_Strawberry_Cake",
          "Delimiter": " "
        },
        {
          "Operation": "Append",
          "Target": ["Fields", "Wizard", 1],
          "Value": "{{ModId}}_Ancient_Fruit_Cake {{ModId}}_Powdermelon_Cake {{ModId}}_Gem_Berry_Cake",
          "Delimiter": " "
        },
        {
          "Operation": "Append",
          "Target": ["Fields", "Ysabelle", 1],
          "Value": "{{ModId}}_Apricot_Cake {{ModId}}_Coffee_Cake {{ModId}}_Mango_Cake {{ModId}}_Bluberry_Cake {{ModId}}_Apple_Cake {{ModId}}_Apple_Crumb_Cake",
          "Delimiter": " "
        },
        {
          "Operation": "Append",
          "Target": ["Fields", "Yuji", 1],
          "Value": "{{ModId}}_Vanilla_Cake {{ModId}}_Spice_Berry_Cake {{ModId}}_Apple_Crumb_Cake {{ModId}}_Sakura_Cake {{ModId}}_Choco_Cake",
          "Delimiter": " "
        },
        {
          "Operation": "Append",
          "Target": ["Fields", "Yuuma", 1],
          "Value": "{{ModId}}_Apple_Cake {{ModId}}_Pineapple_Cake {{ModId}}_Grape_Cake {{ModId}}_Apricot_Cake {{ModId}}_Genoise_Cake",
          "Delimiter": " "
        }
      ]
    }
  ]
}