{
  "Changes": [
    {
      "LogName": "Load Individual Sprites",
      "Action": "Load",
      "Target": "Mods/TN.Cakes/AncientFruitCake, Mods/TN.Cakes/AppleCake, Mods/TN.Cakes/AppleCrumbCake, Mods/TN.Cakes/ApricotCake, Mods/TN.Cakes/BanaeCake, Mods/TN.Cakes/BlackberryCake, Mods/TN.Cakes/BluberryCake, Mods/TN.Cakes/ButterCake, Mods/TN.Cakes/CactusFruitCake, Mods/TN.Cakes/CarrotCake, Mods/TN.Cakes/CherryCake, Mods/TN.Cakes/ChocoCake, Mods/TN.Cakes/CoconutCake, Mods/TN.Cakes/CoffeeCake, Mods/TN.Cakes/CranberryCake, Mods/TN.Cakes/CrystalFruitCake, Mods/TN.Cakes/GemBerryCake, Mods/TN.Cakes/GenoiseCake, Mods/TN.Cakes/GrapeCake, Mods/TN.Cakes/KeyLimeCake, Mods/TN.Cakes/LemonCake, Mods/TN.Cakes/MangoCake, Mods/TN.Cakes/MatchaCake, Mods/TN.Cakes/MelonCake, Mods/TN.Cakes/OrangeCake, Mods/TN.Cakes/PeachCake, Mods/TN.Cakes/PineappleCake, Mods/TN.Cakes/PomegranateCake, Mods/TN.Cakes/PowdermelonCake, Mods/TN.Cakes/RainbowCake, Mods/TN.Cakes/RedVelvetCake, Mods/TN.Cakes/SakuraCake, Mods/TN.Cakes/SalmonberryCake, Mods/TN.Cakes/SpiceBerryCake, Mods/TN.Cakes/StarfruitCake, Mods/TN.Cakes/StrawberryCake, Mods/TN.Cakes/VanillaCake, Mods/TN.Cakes/WildPlumCake",
      "FromFile": "assets/{{TargetWithoutPath}}.png"
    }
  ]
}