{
    "Changes": [
        {
            "LogName": "Recipes Data",
            "Action": "EditData",
            "Target": "Data/CookingRecipes",
            "Entries": {
                "Ancient Fruit Cake": "246 1 245 1 -5 1 -6 1 454 1/9999 9999/{{ModId}}_Ancient_Fruit_Cake 2/default/Ancient Fruit Cake",
                "Apple Cake": "246 1 245 1 -5 1 -6 1 613 1/9999 9999/{{ModId}}_Apple_Cake 2/default/Apple Cake",
                "Apple Crumb Cake": "246 1 245 1 -5 1 -6 1 613 1/9999 9999/{{ModId}}_Apple_Crumb_Cake 2/default/Apple Crumb Cake",
                "Apricot Cake": "246 1 245 1 -5 1 -6 1 634 1/9999 9999/{{ModId}}_Apricot_Cake 2/default/Apricot Cake",
                "Banana Cake": "246 1 245 1 -5 1 -6 1 91 1/9999 9999/{{ModId}}_Banae_Cake 2/default/Banana Cake",
                "Blackberry Cake": "246 1 245 1 -5 1 -6 1 410 1/9999 9999/{{ModId}}_Blackberry_Cake 2/default/Blackberry Cake",
                "Blueberry Cake": "246 1 245 1 -5 1 -6 1 258 1/9999 9999/{{ModId}}_Bluberry_Cake 2/default/Blueberry Cake",
                "Butter Cake": "246 1 245 1 -5 1/9999 9999/{{ModId}}_Butter_Cake 2/default/Butter Cake",
                "Cactus Fruit Cake": "246 1 245 1 -5 1 -6 1 90 1/9999 9999/{{ModId}}_Cactus_Fruit_Cake 2/default/Cactus Fruit Cake",
                "Carrot Cake": "246 1 245 1 -5 1 -6 1 Carrot 1/9999 9999/{{ModId}}_Carrot_Cake 2/default/Carrot Cake",
                "Cherry Cake": "246 1 245 1 -5 1 -6 1 638 1/9999 9999/{{ModId}}_Cherry_Cake 2/default/Cherry Cake",
                "Chocolate Cake": "246 1 245 1 -5 1 -6 1 Wildflour.AtelierGoods_Cacao_Pod 1/9999 9999/{{ModId}}_Choco_Cake 2/default/Chocolate Cake",
                "Coconut Cake": "246 1 245 1 -5 1 -6 1 88 1/9999 9999/{{ModId}}_Coconut_Cake 2/default/Coconut Cake",
                "Coffee Cake": "246 1 245 1 -5 1 -6 1 433 1/9999 9999/{{ModId}}_Coffee_Cake 2/default/Coffee Cake",
                "Cranberry Cake": "246 1 245 1 -5 1 -6 1 282 1/9999 9999/{{ModId}}_Cranberry_Cake 2/default/Cranberry Cake",
                "Crystal Fruit Cake": "246 1 245 1 -5 1 -6 1 414 1/9999 9999/{{ModId}}_Crystal_Fruit_Cake 2/default/Crystal Fruit Cake",
                "Gem Berry Cake": "246 1 245 1 -5 1 -6 1 417 1/9999 9999/{{ModId}}_Gem_Berry_Cake 2/default/Gem Berry Cake",
                "Genoise Cake": "246 1 245 1 -5 1 -6 1 400 1 258 1/9999 9999/{{ModId}}_Genoise_Cake 2/default/Genoise Cake",
                "Grape Cake": "246 1 245 1 -5 1 -6 1 398 1/9999 9999/{{ModId}}_Grape_Cake 2/default/Grape Cake",
                "Key Lime Cake": "246 1 245 1 -5 1 -6 1 Wildflour.AtelierGoods_Lime 2/9999 9999/{{ModId}}_Key_Lime_Cake 2/default/Key Lime Cake",
                "Lemon Cake": "246 1 245 1 -5 1 -6 1 Wildflour.AtelierGoods_Lemon 2/9999 9999/{{ModId}}_Lemon_Cake 2/default/Lemon Cake",
                "Mango Cake": "246 1 245 1 -5 1 -6 1 834 1/9999 9999/{{ModId}}_Mango_Cake 2/default/Mango Cake",
                "Matcha Cake": "246 1 245 1 -5 1 -6 1 815 1/9999 9999/{{ModId}}_Matcha_Cake 2/default/Matcha Cake",
                "Melon Cake": "246 1 245 1 -5 1 -6 1 254 1/9999 9999/{{ModId}}_Melon_Cake 2/default/Melon Cake",
                "Orange Cake": "246 1 245 1 -5 1 -6 1 635 1/9999 9999/{{ModId}}_Orange_Cake 2/default/Orange Cake",
                "Peach Cake": "246 1 245 1 -5 1 -6 1 636 1/9999 9999/{{ModId}}_Peach_Cake 2/default/Peach Cake",
                "Pineapple Cake": "246 1 245 1 -5 1 -6 1 832 1/9999 9999/{{ModId}}_Pineapple_Cake 2/default/Pineapple Cake",
                "Pomegranate Cake": "246 1 245 1 -5 1 -6 1 637 1/9999 9999/{{ModId}}_Pomegranate_Cake 2/default/Pomegranate Cake",
                "Powdermelon Cake": "246 1 245 1 -5 1 -6 1 Powdermelon 1/9999 9999/{{ModId}}_Powdermelon_Cake 2/default/Powdermelon Cake",
                "Rainbow Cake": "246 1 245 1 -5 1 -6 1 876 1/9999 9999/{{ModId}}_Rainbow_Cake 2/default/Rainbow Cake",
                "Red Velvet Cake": "246 1 245 1 -5 1 -6 1 454 1 284 1/9999 9999/{{ModId}}_Red_Velvet_Cake 2/default/Red Velvet Cake",
                "Sakura Cake": "246 1 245 1 -5 1 -6 1 Wildflour.AtelierGoods_Cherry_Blossoms 2/9999 9999/{{ModId}}_Sakura_Cake 2/default/Sakura Cake",
                "Salmonberry Cake": "246 1 245 1 -5 1 -6 1 296 1/9999 9999/{{ModId}}_Salmonberry_Cake 2/default/Salmonberry Cake",
                "Spice Berry Cake": "246 1 245 1 -5 1 -6 1 396 1/9999 9999/{{ModId}}_Spice_Berry_Cake 2/default/Spice Berry Cake",
                "Starfruit Cake": "246 1 245 1 -5 1 -6 1 268 1/9999 9999/{{ModId}}_Starfruit_Cake 2/default/Starfruit Cake",
                "Strawberry Cake": "246 1 245 1 -5 1 -6 1 400 1/9999 9999/{{ModId}}_Strawberry_Cake 2/default/Strawberry Cake",
                "Vanilla Cake": "246 1 245 1 -5 1 -6 1 Wildflour.AtelierGoods_Vanilla 1/9999 9999/{{ModId}}_Vanilla_Cake 2/default/Vanilla Cake",
                "Wild Plum Cake": "246 1 245 1 -5 1 -6 1 406 1/9999 9999/{{ModId}}_Wild_Plum_Cake 2/default/Wild Plum Cake",
            }
        }
    ]
}