{
  "Format": "2.0",
   "Changes": [
        {
            "LogName": "Objects",
            "Action": "Include",
            "FromFile": "Data/Objects.json"
        },
        {
            "LogName": "Cooking",
            "Action": "Include",
            "FromFile": "Data/Cooking.json"
        },
        {
            "LogName": "Cooking",
            "Action": "Include",
            "FromFile": "Data/Recipes.json"
        },
        {
            "LogName": "NPC Gift Tastes",
            "Action": "Include",
            "FromFile": "Data/NPCGiftTastes.json"
        }
    ]
}